bowler,team,matches,innings,overs,balls,runs_conceded,wickets,economy,average,strike_rate,dot_pct,4w,5w,best_bowling
A Dananjaya,Sri Lanka,38,38,337.3,2024,1740,56,5.16,31.07,36.14,49.26,4,2,6/30
A Dutt,Netherlands,50,50,410.8,2465,1985,64,4.83,31.02,38.52,57.73,1,1,6/34
A Flintoff,England,76,76,649.0,3894,2787,135,4.29,20.64,28.84,59.37,10,3,5/19
A Gardner,Australia,83,83,607.2,3643,2608,120,4.3,21.73,30.36,56.38,5,1,5/30
A Hartley,England,21,21,170.7,1024,727,27,4.26,26.93,37.93,56.74,1,0,4/37
A Khaka,South Africa,102,102,813.3,4880,3475,141,4.27,24.65,34.61,59.57,5,2,5/26
A King,Australia,48,48,350.3,2102,1528,85,4.36,17.98,24.73,55.19,6,3,7/18
A Kumble,India,28,28,254.0,1524,1192,32,4.69,37.25,47.62,52.62,1,0,4/32
A Mishra,India,31,31,300.8,1805,1442,65,4.79,22.18,27.77,53.63,5,2,6/48
A Mohammed,West Indies,43,43,335.8,2015,1533,58,4.57,26.43,34.74,51.36,3,1,5/47
A Nehra,India,79,79,624.2,3745,3363,115,5.39,29.24,32.57,52.31,7,2,6/23
A Nel,South Africa,57,57,490.2,2941,2254,94,4.6,23.98,31.29,59.4,5,2,6/27
A Nortje,South Africa,21,21,170.5,1023,1004,38,5.89,26.42,26.92,51.03,3,0,4/51
A Shrubsole,England,66,66,538.3,3230,2234,93,4.15,24.02,34.73,62.2,4,1,6/47
A Sutherland,Australia,48,48,307.5,1845,1426,67,4.64,21.28,27.54,55.07,4,1,5/45
A Symonds,Australia,92,92,579.3,3476,2945,83,5.08,35.48,41.88,46.66,1,1,5/18
A Vala,Papua New Guinea,51,51,336.2,2017,1320,47,3.93,28.09,42.91,57.16,0,0,3/17
A Zampa,Australia,113,113,991.3,5948,5499,193,5.55,28.49,30.82,44.15,13,1,5/35
AA Alleyne,West Indies,44,44,254.0,1524,1318,52,5.19,25.35,29.31,50.13,1,0,4/39
AB Agarkar,India,65,65,568.5,3411,2788,106,4.9,26.3,32.18,57.55,5,3,6/42
AC Agar,Australia,22,22,184.5,1107,970,22,5.26,44.09,50.32,44.53,0,0,3/50
AC Evans,Scotland,26,26,216.5,1299,1165,37,5.38,31.49,35.11,56.27,3,1,5/43
AC Jayangani,Sri Lanka,60,60,345.0,2070,1827,53,5.3,34.47,39.06,46.43,3,1,5/42
AC Kerr,New Zealand,82,83,706.0,4236,3292,120,4.66,27.43,35.3,51.16,8,2,7/34
AD Mathews,Sri Lanka,158,158,867.5,5205,4068,137,4.69,29.69,37.99,54.26,4,1,6/20
AD Russell,West Indies,54,54,393.7,2362,2235,72,5.68,31.04,32.81,48.9,5,0,4/36
AE Satterthwaite,New Zealand,34,34,176.7,1060,839,29,4.75,28.93,36.55,51.98,2,1,5/33
AF Giles,England,33,33,286.7,1720,1218,41,4.25,29.71,41.95,50.17,0,0,3/25
AF Milne,New Zealand,47,47,376.8,2261,2023,59,5.37,34.29,38.32,53.38,1,0,4/34
AG Cremer,Zimbabwe,67,67,538.5,3231,2627,75,4.88,35.03,43.08,49.27,4,1,5/29
AJ Bichel,Australia,26,26,216.2,1297,943,33,4.36,28.58,39.3,57.29,2,1,7/20
AJ Hall,South Africa,52,52,436.8,2621,1989,85,4.55,23.4,30.84,55.4,6,3,5/18
AJ Hosein,West Indies,40,41,377.3,2264,1801,67,4.77,26.88,33.79,52.08,3,0,4/39
AK Markram,South Africa,39,39,195.2,1171,1129,20,5.78,56.45,58.55,43.21,0,0,2/18
AL Phehlukwayo,South Africa,75,75,531.5,3189,3003,96,5.65,31.28,33.22,45.06,3,1,5/44
AM Blignaut,Zimbabwe,30,30,239.3,1436,1201,30,5.02,40.03,47.87,53.76,2,0,4/45
AM Fernando,Sri Lanka,26,26,185.7,1114,1091,34,5.88,32.09,32.76,50.0,1,1,5/36
AM Phangiso,South Africa,21,21,183.8,1103,847,30,4.61,28.23,36.77,53.76,0,0,3/43
AN Kelly,Ireland,35,35,282.0,1692,1364,50,4.84,27.28,33.84,53.72,3,2,6/37
AR Cusack,Ireland,27,27,168.2,1009,866,34,5.15,25.47,29.68,51.04,1,0,4/35
AR McBrine,Ireland,68,68,566.3,3398,2753,74,4.86,37.2,45.92,51.35,2,0,4/28
AR Nurse,West Indies,45,45,364.5,2187,2009,44,5.51,45.66,49.7,42.84,2,0,4/51
AR Patel,India,66,66,552.2,3313,2499,78,4.53,32.04,42.47,54.63,0,0,3/32
AS Joseph,West Indies,74,74,665.3,3992,3624,134,5.45,27.04,29.79,50.95,7,1,5/56
ASS Fletcher,West Indies,57,57,468.0,2808,2130,87,4.55,24.48,32.28,51.92,2,0,4/20
AU Rashid,England,151,151,1325.0,7950,7407,244,5.59,30.36,32.58,44.15,13,3,5/27
Aayan Afzal Khan,United Arab Emirates,38,38,331.7,1990,1381,50,4.16,27.62,39.8,58.54,1,0,4/14
Abdul Razzaq,Pakistan,112,112,753.0,4518,3694,110,4.91,33.58,41.07,54.09,4,1,5/51
Abdur Razzak,Bangladesh,121,121,1068.0,6408,4923,176,4.61,27.97,36.41,54.78,9,5,5/29
Abdur Rehman,Pakistan,30,30,264.7,1588,1130,35,4.27,32.29,45.37,54.03,2,1,5/24
Agha Salman,Pakistan,33,33,169.5,1017,1002,19,5.91,52.74,53.53,45.62,1,0,4/36
Ahmed Raza,United Arab Emirates,47,47,420.5,2523,1757,61,4.18,28.8,41.36,55.61,2,1,5/26
Anam Amin,Pakistan,23,23,189.8,1139,730,32,3.85,22.81,35.59,62.42,2,1,5/35
Asmavia Iqbal,Pakistan,25,25,194.2,1165,1019,27,5.25,37.74,43.15,53.48,0,0,3/28
Ayan Khan,Oman,33,33,195.8,1175,937,28,4.79,33.46,41.96,53.79,0,0,3/12
B Kumar,India,119,119,991.7,5950,5050,160,5.09,31.56,37.19,55.97,7,1,5/47
B Lee,Australia,151,151,1360.3,8162,6347,281,4.67,22.59,29.05,58.06,19,9,6/28
B Muzarabani,Zimbabwe,47,48,404.5,2427,2070,61,5.12,33.93,39.79,53.28,3,1,5/50
BA Carse,England,29,29,225.8,1355,1389,36,6.15,38.58,37.64,50.11,1,1,5/61
BA Stokes,England,87,87,536.2,3217,3206,76,5.98,42.18,42.33,41.62,3,1,5/61
BA Williams,Australia,19,19,166.8,1001,666,34,3.99,19.59,29.44,62.54,3,2,5/22
BAW Mendis,Sri Lanka,79,79,667.3,4004,3278,144,4.91,22.76,27.81,49.15,9,2,6/13
BFW de Leede,Netherlands,38,38,251.0,1506,1463,45,5.83,32.51,33.47,48.07,2,1,5/52
BJ McCarthy,Ireland,35,35,305.8,1835,1786,59,5.84,30.27,31.1,51.34,2,1,5/34
BJ McMullen,Scotland,33,33,274.0,1644,1248,59,4.55,21.15,27.86,61.68,3,1,5/34
BM Scholtz,Namibia,60,60,537.2,3223,1797,100,3.35,17.97,32.23,66.24,6,2,5/22
BMAJ Mendis,Sri Lanka,47,47,232.3,1394,1199,31,5.16,38.68,44.97,40.67,0,0,3/15
BMSM Kumari,Sri Lanka,39,39,282.0,1692,1448,36,5.13,40.22,47.0,46.45,1,0,4/32
BV Vitori,Zimbabwe,20,20,177.2,1063,1026,33,5.79,31.09,32.21,49.11,2,2,6/28
BW Hilfenhaus,Australia,25,25,212.5,1275,1092,33,5.14,33.09,38.64,56.16,1,1,5/35
Basil Hameed,United Arab Emirates,40,40,233.2,1399,989,46,4.24,21.5,30.41,55.33,3,1,5/17
Bilal Khan,Oman,47,47,419.2,2515,2076,100,4.95,20.76,25.15,55.63,8,4,5/31
C Campher,Ireland,33,33,184.8,1109,1016,33,5.5,30.79,33.61,50.32,1,0,4/39
C Murray,Ireland,33,33,270.3,1622,1549,54,5.73,28.69,30.04,44.08,2,2,7/31
C de Grandhomme,New Zealand,44,44,261.5,1569,1243,29,4.75,42.86,54.1,50.92,0,0,3/26
CA Henry,West Indies,48,48,256.5,1539,1246,34,4.86,36.65,45.26,56.21,0,0,3/19
CA Soper,Papua New Guinea,50,50,396.7,2380,1774,67,4.47,26.48,35.52,59.12,3,2,6/45
CA Young,Ireland,39,39,348.5,2091,1869,77,5.36,24.27,27.16,55.24,2,1,5/47
CAK Rajitha,Sri Lanka,27,27,199.7,1198,1227,33,6.14,37.18,36.3,51.75,1,0,4/50
CB Mpofu,Zimbabwe,64,64,526.3,3158,2898,66,5.51,43.91,47.85,52.82,2,0,4/44
CB Sole,Scotland,29,29,250.5,1503,1227,55,4.9,22.31,27.33,58.88,4,0,4/27
CBRLS Kumara,Sri Lanka,28,28,199.5,1197,1288,39,6.46,33.03,30.69,49.12,2,0,4/22
CD Collymore,West Indies,36,36,311.3,1868,1311,35,4.21,37.46,53.37,57.98,1,0,4/28
CE Dean,England,52,52,426.3,2558,1984,87,4.65,22.8,29.4,54.53,7,1,5/32
CH Gayle,West Indies,116,116,752.8,4517,3569,112,4.74,31.87,40.33,44.81,4,1,5/47
CH Morris,South Africa,39,39,321.0,1926,1783,50,5.55,35.66,38.52,50.62,2,1,5/32
CJ Anderson,New Zealand,42,42,251.2,1507,1494,59,5.95,25.32,25.54,45.45,3,1,5/63
CJ Chibhabha,Zimbabwe,49,49,236.2,1417,1379,30,5.84,45.97,47.23,49.96,0,0,2/25
CJ Jordan,England,34,34,288.0,1728,1708,47,5.93,36.34,36.77,44.5,1,1,6/30
CJ McKay,Australia,58,58,497.2,2983,2419,105,4.87,23.04,28.41,56.29,8,2,5/31
CJA Amini,Papua New Guinea,40,40,270.0,1620,1298,33,4.81,39.33,49.09,52.28,1,1,5/29
CK Langeveldt,South Africa,61,61,515.3,3092,2660,88,5.16,30.23,35.14,53.91,3,1,5/39
CL Tryon,South Africa,70,70,444.0,2664,2060,57,4.64,36.14,46.74,53.0,1,1,5/34
CR Brathwaite,West Indies,37,37,287.5,1725,1647,46,5.73,35.8,37.5,45.1,3,2,5/28
CR Woakes,England,116,116,961.2,5767,5191,191,5.4,27.18,30.19,53.48,17,3,6/45
CRD Fernando,Sri Lanka,85,85,691.2,4147,3530,118,5.11,29.92,35.14,53.77,3,1,6/29
D Bishoo,West Indies,40,40,342.7,2056,1675,38,4.89,44.08,54.11,49.17,0,0,3/30
D Brown,Australia,28,28,188.2,1129,881,29,4.68,30.38,38.93,54.74,2,0,4/33
D Gough,England,38,38,334.0,2004,1504,58,4.5,25.93,34.55,58.98,5,0,4/28
D Hazell,England,25,25,229.2,1375,904,34,3.94,26.59,40.44,56.29,1,0,4/33
D Heyliger,Canada,22,22,183.5,1101,908,38,4.95,23.89,28.97,53.32,3,2,5/31
D Madushanka,Sri Lanka,24,24,182.3,1094,1074,48,5.89,22.38,22.79,51.01,3,2,5/50
D Pretorius,South Africa,26,26,192.3,1154,960,38,4.99,25.26,30.37,52.6,1,0,4/38
D van Niekerk,South Africa,58,58,429.2,2575,1526,68,3.56,22.44,37.87,60.74,3,0,4/0
DAJ Bracewell,New Zealand,21,21,173.2,1039,850,28,4.91,30.36,37.11,57.46,2,0,4/31
DB Sharma,India,111,111,939.2,5635,4325,167,4.6,25.9,33.74,53.68,9,4,6/31
DBL Powell,West Indies,39,39,356.0,2136,1677,51,4.71,32.88,41.88,59.64,1,0,4/45
DE Bollinger,Australia,39,39,335.8,2015,1530,65,4.56,23.54,31.0,58.11,6,2,5/36
DJ Bravo,West Indies,134,134,1008.7,6052,5330,193,5.28,27.62,31.36,47.12,6,1,5/32
DJ Willey,England,71,71,545.3,3272,2961,105,5.43,28.2,31.16,51.74,5,1,5/31
DJG Sammy,West Indies,115,115,815.2,4891,3842,87,4.71,44.16,56.22,51.16,1,0,4/26
DJS Dottin,West Indies,46,47,261.0,1566,1268,54,4.86,23.48,29.0,52.94,7,3,6/36
DL Vettori,New Zealand,153,153,1332.7,7996,5322,208,3.99,25.59,38.44,55.52,7,2,5/7
DM de Silva,Sri Lanka,68,68,345.2,2071,1778,49,5.15,36.29,42.27,44.57,0,0,3/32
DN Wellalage,Sri Lanka,30,30,234.2,1405,1188,37,5.07,32.11,37.97,50.25,3,2,5/27
DR Smith,West Indies,60,60,376.2,2257,1888,53,5.02,35.62,42.58,51.44,3,1,5/46
DR Tuffey,New Zealand,38,38,328.2,1969,1619,51,4.93,31.75,38.61,59.01,2,0,4/31
DS Airee,Nepal,57,57,347.2,2083,1412,51,4.07,27.69,40.84,55.88,1,0,4/37
DT Hondo,Zimbabwe,32,32,232.2,1393,1186,32,5.11,37.06,43.53,55.42,0,0,3/52
DT Johnston,Ireland,32,32,251.3,1508,1133,39,4.51,29.05,38.67,58.36,1,0,4/26
DT Tiripano,Zimbabwe,30,30,216.7,1300,1243,30,5.74,41.43,43.33,47.69,1,0,4/27
DW Steyn,South Africa,123,123,1064.7,6388,5202,212,4.89,24.54,30.13,57.69,12,4,7/40
Diana Baig,Pakistan,64,64,466.3,2798,2327,64,4.99,36.36,43.72,56.29,4,1,5/30
E Bisht,India,36,36,328.3,1970,1293,65,3.94,19.89,30.31,60.61,4,3,5/12
E Chigumbura,Zimbabwe,108,108,625.5,3753,3551,88,5.68,40.35,42.65,49.19,2,0,4/26
EA Osborne,Australia,23,23,171.0,1026,769,35,4.5,21.97,29.31,52.34,2,0,4/39
EA Perry,Australia,81,81,538.3,3230,2382,83,4.43,28.7,38.92,58.42,1,1,7/23
EC Rainsford,Zimbabwe,22,22,178.3,1070,805,17,4.51,47.35,62.94,61.21,0,0,3/22
EJ Carson,New Zealand,23,23,168.2,1009,829,18,4.93,46.06,56.06,49.45,0,0,3/32
FC Jonas,New Zealand,25,25,190.7,1144,861,21,4.51,41.0,54.48,52.53,0,0,3/41
FH Edwards,West Indies,40,40,308.3,1850,1525,53,4.95,28.77,34.91,53.78,2,2,6/24
Faheem Ashraf,Pakistan,40,40,277.7,1666,1443,32,5.2,45.09,52.06,50.96,1,1,5/25
Fahima Khatun,Bangladesh,38,38,255.3,1532,1153,39,4.52,29.56,39.28,50.07,2,1,5/21
Fatima Sana,Pakistan,56,56,420.3,2522,2287,86,5.44,26.59,29.33,52.42,6,2,5/23
Fayyaz Butt,Oman,30,30,224.8,1349,1266,40,5.63,31.65,33.72,50.48,1,0,4/80
G Motie,West Indies,33,33,282.0,1692,1335,43,4.73,31.05,39.35,52.3,2,0,4/23
G Wareham,Australia,42,42,300.7,1804,1336,53,4.44,25.21,34.04,54.77,0,0,3/23
GB Brent,Zimbabwe,23,23,190.0,1140,900,25,4.74,36.0,45.6,59.12,1,0,4/23
GB Hogg,Australia,87,87,719.2,4315,3282,139,4.56,23.61,31.04,51.63,7,1,5/41
GD Elliott,New Zealand,52,52,205.3,1232,1122,38,5.47,29.53,32.42,44.81,1,0,4/32
GD McGrath,Australia,65,65,547.0,3282,2085,109,3.81,19.13,30.11,65.54,2,1,7/15
GH Dockrell,Ireland,76,76,542.5,3255,2677,73,4.93,36.67,44.59,50.32,2,0,4/24
GJ Maxwell,Australia,115,115,652.5,3915,3557,79,5.45,45.03,49.56,43.14,4,1,5/64
GP Swann,England,73,73,614.0,3684,2865,107,4.67,26.78,34.43,49.08,5,1,5/28
Gulsan Jha,Nepal,32,32,172.8,1037,1019,31,5.9,32.87,33.45,48.79,1,1,5/47
H Kaur,India,48,48,199.7,1198,1026,23,5.14,44.61,52.09,47.33,0,0,2/18
H Masakadza,Zimbabwe,60,60,208.2,1249,1174,22,5.64,53.36,56.77,41.71,0,0,3/55
H Thaker,Canada,24,24,182.5,1095,797,25,4.37,31.88,43.8,53.79,0,0,3/41
HASD Siriwardene,Sri Lanka,36,36,282.5,1695,1341,32,4.75,41.91,52.97,50.21,1,0,4/53
HC Knight,England,45,45,232.0,1392,1020,48,4.4,21.25,29.0,53.16,1,1,5/26
HH Pandya,India,86,86,582.2,3493,3196,91,5.49,35.12,38.38,48.73,1,0,4/24
HH Streak,Zimbabwe,30,30,258.3,1550,1068,42,4.13,25.43,36.9,59.94,1,0,4/22
HK Matthews,West Indies,77,78,621.3,3728,2742,111,4.41,24.7,33.59,56.49,6,1,5/56
HM Rowe,New Zealand,51,51,364.5,2187,1667,62,4.57,26.89,35.27,55.74,3,1,5/55
HMCM Bandara,Sri Lanka,23,23,197.3,1184,983,30,4.98,32.77,39.47,44.34,2,0,4/31
HMRKB Herath,Sri Lanka,63,63,508.8,3053,2263,79,4.45,28.65,38.65,49.3,1,0,4/20
HNK Jensen,New Zealand,29,29,184.2,1105,930,27,5.05,34.44,40.93,52.94,0,0,3/34
HR Huddleston,New Zealand,25,25,186.7,1120,808,35,4.33,23.09,32.0,62.14,2,1,5/36
Hamza Tahir,Scotland,29,29,237.2,1423,1020,38,4.3,26.84,37.45,53.76,3,1,5/38
Harbhajan Singh,India,145,145,1351.0,8106,5980,190,4.43,31.47,42.66,52.45,4,2,5/31
Haris Rauf,Pakistan,51,51,431.8,2591,2499,95,5.79,26.31,27.27,48.9,6,1,5/29
Harmeet Singh,United States of America,20,21,181.8,1091,746,31,4.1,24.06,35.19,58.66,1,1,6/30
Hasan Ali,Pakistan,64,64,542.3,3254,3161,109,5.83,29.0,29.85,48.8,9,5,5/35
I Ranaweera,Sri Lanka,66,66,523.8,3143,2422,81,4.62,29.9,38.8,52.97,5,0,4/24
I Sharma,India,77,77,639.0,3834,3596,125,5.63,28.77,30.67,51.9,9,2,5/58
IDR Bradshaw,West Indies,48,48,422.8,2537,1777,69,4.2,25.75,36.77,59.72,2,1,5/48
IK Pathan,India,98,98,841.7,5050,4419,156,5.25,28.33,32.37,53.25,7,2,5/27
IS Sodhi,New Zealand,50,50,430.8,2585,2374,67,5.51,35.43,38.58,44.53,4,1,6/40
Iftikhar Anjum,Pakistan,55,55,453.8,2723,2245,73,4.95,30.75,37.3,56.45,3,1,5/31
Imad Wasim,Pakistan,52,52,398.0,2388,1936,44,4.86,44.0,54.27,46.9,1,1,5/14
Imran Tahir,South Africa,103,103,926.0,5556,4325,180,4.67,24.03,30.87,51.82,12,4,7/46
J Botha,South Africa,71,71,612.2,3673,2839,77,4.64,36.87,47.7,46.53,3,0,4/19
J Goswami,India,66,66,567.8,3407,2167,109,3.82,19.88,31.26,64.84,6,0,4/17
J Little,Ireland,39,39,345.0,2070,2115,64,6.13,33.05,32.34,48.02,5,1,6/38
J Maguire,Ireland,24,24,175.2,1051,809,23,4.62,35.17,45.7,56.23,0,0,3/34
JA Morkel,South Africa,46,46,316.7,1900,1736,50,5.48,34.72,38.0,47.11,3,0,4/29
JC Archer,England,34,35,310.0,1860,1528,61,4.93,25.05,30.49,57.47,3,2,6/40
JC Tredwell,England,43,43,344.7,2068,1670,63,4.84,26.51,32.83,51.4,5,0,4/21
JDF Vandersay,Sri Lanka,30,30,241.2,1447,1297,48,5.38,27.02,30.15,45.96,2,1,6/34
JDP Oram,New Zealand,103,103,813.3,4880,3561,132,4.38,26.98,36.97,58.18,7,1,5/38
JDS Neesham,New Zealand,71,71,418.7,2512,2573,71,6.15,36.24,35.38,45.38,3,1,5/27
JE Root,England,76,76,290.0,1740,1691,30,5.83,56.37,58.0,38.39,0,0,3/46
JE Taylor,West Indies,78,78,657.8,3947,3467,124,5.27,27.96,31.83,53.18,5,2,6/34
JEC Franklin,New Zealand,65,65,422.5,2535,2166,58,5.13,37.34,43.71,54.91,1,1,5/45
JF Mooney,Ireland,31,31,207.0,1242,1119,37,5.41,30.24,33.57,53.06,2,0,4/28
JH Kallis,South Africa,116,116,659.0,3954,3387,102,5.14,33.21,38.76,49.85,1,0,4/41
JJ Bumrah,India,86,86,765.0,4590,3583,153,4.68,23.42,30.0,56.95,8,2,6/19
JJ Smit,Namibia,36,37,268.8,1613,1147,58,4.27,19.78,27.81,60.2,4,2,5/26
JL Gunn,England,35,35,276.7,1660,1159,50,4.19,23.18,33.2,57.83,4,1,5/24
JL Jonassen,Australia,74,74,590.2,3541,2375,136,4.02,17.46,26.04,57.53,10,6,6/27
JM Anderson,England,177,177,1527.7,9166,7562,268,4.95,28.22,34.2,56.85,12,2,5/23
JM Kerr,New Zealand,47,47,372.7,2236,1584,73,4.25,21.7,30.63,58.01,4,2,5/24
JN Frylinck,Namibia,31,31,216.3,1298,938,36,4.34,26.06,36.06,56.24,1,1,5/14
JN Gillespie,Australia,37,37,335.5,2013,1364,59,4.07,23.12,34.12,62.3,2,1,5/33
JNT Seales,West Indies,28,28,212.0,1272,1224,42,5.77,29.14,30.29,52.99,4,1,7/18
JO Holder,West Indies,127,128,1034.2,6205,5712,162,5.52,35.26,38.3,52.18,8,3,5/27
JP Duminy,South Africa,131,131,576.7,3460,3094,74,5.37,41.81,46.76,43.35,2,0,4/16
JP Faulkner,Australia,65,65,534.3,3206,2979,106,5.58,28.1,30.25,46.66,5,0,4/34
JR Hazlewood,Australia,93,93,828.8,4973,3951,147,4.77,26.88,33.83,58.31,5,3,6/53
JR Hopes,Australia,74,74,522.0,3132,2414,73,4.62,33.07,42.9,52.91,2,1,5/16
JS Patel,New Zealand,36,36,298.2,1789,1500,44,5.03,34.09,40.66,47.23,0,0,3/11
JW Dernbach,England,24,24,213.7,1282,1346,31,6.3,43.42,41.35,43.53,1,0,4/46
JW Hastings,Australia,29,29,255.3,1532,1271,44,4.98,28.89,34.82,52.09,2,1,6/45
Jahanara Alam,Bangladesh,28,28,186.7,1120,891,27,4.77,33.0,41.48,57.77,0,0,3/21
Jasdeep Singh,United States of America,42,42,326.5,1959,1786,58,5.47,30.79,33.78,51.15,3,1,5/32
Junaid Khan,Pakistan,73,73,596.3,3578,3221,113,5.4,28.5,31.66,53.33,4,0,4/16
Junaid Siddique,United Arab Emirates,64,64,512.2,3073,2551,92,4.98,27.73,33.4,55.48,4,0,4/18
K Rabada,South Africa,101,101,920.0,5520,4655,175,5.06,26.6,31.54,55.91,10,3,6/20
K Ramharack,West Indies,43,43,321.8,1931,1473,54,4.58,27.28,35.76,52.51,4,0,4/12
KA Jamieson,New Zealand,22,22,191.7,1150,998,30,5.21,33.27,38.33,57.22,1,0,4/41
KA Maharaj,South Africa,53,53,464.7,2788,2217,71,4.77,31.23,39.27,49.1,4,1,5/33
KA Pollard,West Indies,77,77,371.0,2226,2086,59,5.62,35.36,37.73,38.19,0,0,3/16
KAJ Roach,West Indies,88,88,745.3,4472,3775,132,5.07,28.6,33.88,55.52,8,4,6/27
KD Mills,New Zealand,130,130,1091.3,6548,5109,203,4.68,25.17,32.26,59.41,10,2,5/25
KDU Prabodhani,Sri Lanka,40,40,274.3,1646,1271,32,4.63,39.72,51.44,57.29,1,0,4/35
KH Brunt,England,70,70,595.0,3570,2261,98,3.8,23.07,36.43,63.17,7,2,5/30
KJ Abbott,South Africa,27,27,222.7,1336,1063,35,4.77,30.37,38.17,58.68,2,0,4/21
KJ Garth,Australia,38,38,283.2,1699,1185,57,4.18,20.79,29.81,61.98,0,0,3/8
KJ O'Brien,Ireland,67,67,398.7,2392,2221,60,5.57,37.02,39.87,50.84,4,0,4/13
KL Cross,England,70,70,533.2,3199,2379,95,4.46,25.04,33.67,60.86,5,2,6/30
KM Beams,Australia,23,23,194.7,1168,765,38,3.93,20.13,30.74,57.28,2,0,4/13
KM Jadhav,India,41,41,195.5,1173,1005,28,5.14,35.89,41.89,43.82,1,0,4/23
KM Jarvis,Zimbabwe,41,41,341.2,2047,1752,52,5.13,33.69,39.37,56.72,2,1,5/17
KMA Paul,West Indies,26,26,191.8,1151,1166,32,6.08,36.44,35.97,44.92,0,0,3/35
KMDN Kulasekara,Sri Lanka,176,176,1366.7,8200,6792,213,4.97,31.89,38.5,57.49,7,1,5/22
KP Meiyappan,United Arab Emirates,31,31,204.7,1228,1123,38,5.49,29.55,32.32,48.13,4,0,4/41
KS Williamson,New Zealand,65,65,249.0,1494,1323,41,5.31,32.27,36.44,41.57,1,0,4/23
KW Richardson,Australia,25,25,223.0,1338,1251,45,5.61,27.8,29.73,49.63,3,1,5/68
Kaleem Sana,Canada,24,25,214.8,1289,935,45,4.35,20.78,28.64,60.51,3,1,5/42
Kaleemullah,Oman,45,45,339.5,2037,1469,45,4.33,32.64,45.27,64.36,0,0,3/31
Karan KC,Nepal,61,61,460.2,2761,2367,95,5.14,24.92,29.06,57.15,9,3,5/33
Khaled Mahmud,Bangladesh,27,27,204.5,1227,1047,24,5.12,43.62,51.12,50.45,1,0,4/19
Khawar Ali,Oman,32,32,257.2,1543,1216,41,4.73,29.66,37.63,49.58,3,1,5/16
Kuldeep Yadav,India,114,114,1003.7,6022,5141,196,5.12,26.23,30.72,49.04,13,2,6/25
Kushal Malla,Nepal,31,31,181.2,1087,782,26,4.32,30.08,41.81,54.09,0,0,3/53
L Balaji,India,20,20,167.5,1005,928,28,5.54,33.14,35.89,53.83,1,0,4/49
L Delany,Ireland,32,32,205.3,1232,953,24,4.64,39.71,51.33,48.54,1,1,5/54
L Ngidi,South Africa,69,69,557.8,3347,3220,109,5.77,29.54,30.71,51.39,6,2,6/60
LA Marsh,England,39,39,341.3,2048,1414,53,4.14,26.68,38.64,57.86,3,0,4/21
LE Plunkett,England,84,84,694.3,4166,3918,140,5.64,27.99,29.76,46.54,11,1,5/52
LH Ferguson,New Zealand,62,62,559.7,3358,3130,98,5.59,31.94,34.27,51.37,3,1,5/46
LJ Wright,England,36,36,175.0,1050,910,17,5.2,53.53,61.76,47.33,0,0,2/35
LK Bell,England,31,31,262.5,1575,1381,45,5.26,30.69,35.0,53.84,2,1,6/39
LL Tsotsobe,South Africa,59,59,498.0,2988,2360,102,4.74,23.14,29.29,59.57,7,0,4/22
LM Jongwe,Zimbabwe,29,29,187.7,1126,1083,28,5.77,38.68,40.21,47.25,1,0,4/51
LM Kasperek,New Zealand,32,32,270.3,1622,1091,57,4.04,19.14,28.46,57.09,6,3,6/40
LMM Tahuhu,New Zealand,74,74,583.5,3501,2676,108,4.59,24.78,32.42,57.78,5,1,5/40
LN Rajbanshi,Nepal,35,35,296.2,1777,1181,48,3.99,24.6,37.02,60.21,3,1,5/20
LV van Beek,Netherlands,32,33,293.2,1759,1619,50,5.52,32.38,35.18,52.7,4,0,4/24
M Daniels,South Africa,23,23,171.8,1031,662,20,3.85,33.1,51.55,62.08,0,0,3/56
M Jansen,South Africa,31,31,269.0,1614,1650,48,6.13,34.38,33.62,52.23,1,1,5/40
M Kapp,South Africa,109,109,872.5,5235,3510,151,4.02,23.25,34.67,60.97,6,3,5/20
M Kartik,India,23,23,204.5,1227,1048,30,5.12,34.93,40.9,48.08,1,1,6/28
M Klaas,South Africa,74,75,523.7,3142,2573,89,4.91,28.91,35.3,56.11,3,1,5/56
M Morkel,South Africa,113,113,991.3,5948,4863,195,4.91,24.94,30.5,55.87,11,2,5/23
M Muralitharan,Sri Lanka,124,124,1142.0,6852,4719,209,4.13,22.58,32.78,54.01,11,2,5/31
M Ntini,South Africa,88,88,755.8,4535,3582,148,4.74,24.2,30.64,59.14,8,2,6/22
M Prasidh Krishna,India,23,23,188.3,1130,1121,41,5.95,27.34,27.56,52.39,3,0,4/14
M Theekshana,Sri Lanka,49,49,417.7,2506,1855,79,4.44,23.48,31.72,54.67,7,1,5/32
MA Leask,Scotland,69,69,409.2,2455,2036,71,4.98,28.68,34.58,50.84,3,0,4/29
MA Starc,Australia,126,126,1127.7,6766,5829,253,5.17,23.04,26.74,54.69,21,9,6/28
MA Wood,England,65,65,562.8,3377,3131,79,5.56,39.63,42.75,50.16,3,0,4/34
MF Maharoof,Sri Lanka,86,86,651.8,3911,3113,118,4.78,26.38,33.14,56.56,6,3,6/14
MG Bracewell,New Zealand,38,38,284.0,1704,1397,40,4.92,34.92,42.6,49.94,2,0,4/26
MG Erasmus,Namibia,47,47,281.7,1690,1277,50,4.53,25.54,33.8,57.75,3,2,5/32
MG Johnson,Australia,144,144,1256.2,7537,5977,243,4.76,24.6,31.02,55.55,14,3,6/31
MH Yardy,England,27,27,214.8,1289,1052,20,4.9,52.6,64.45,45.62,0,0,3/24
MJ Clarke,Australia,92,92,377.3,2264,1868,56,4.95,33.36,40.43,42.18,2,1,5/37
MJ Henry,New Zealand,91,91,830.8,4985,4294,178,5.17,24.12,28.01,56.57,16,4,5/19
MJ McClenaghan,New Zealand,45,45,406.5,2439,2350,92,5.78,25.54,26.51,49.9,10,2,5/62
MJ Santner,New Zealand,117,117,984.8,5909,4718,138,4.79,34.19,42.82,50.01,2,2,5/50
ML Schutt,Australia,94,94,725.5,4353,3131,132,4.32,23.72,32.98,60.03,6,1,5/19
MM Ali,England,126,126,989.2,5935,5303,119,5.36,44.56,49.87,43.98,4,1,5/46
MM Patel,India,66,66,531.3,3188,2614,93,4.92,28.11,34.28,56.52,3,1,5/48
MM Sharma,India,25,25,192.2,1153,1033,34,5.37,30.38,33.91,54.47,1,0,4/22
MN Samuels,West Indies,98,98,615.3,3692,2952,66,4.8,44.73,55.94,48.24,0,0,3/12
MP Stoinis,Australia,62,62,345.5,2073,2067,48,5.98,43.06,43.19,42.88,0,0,3/16
MR Adair,Ireland,47,47,391.3,2348,2179,67,5.57,32.52,35.04,52.56,5,1,5/48
MR Gillespie,New Zealand,26,26,223.7,1342,1221,31,5.46,39.39,43.29,56.56,0,0,3/27
MR Marsh,Australia,69,69,376.2,2257,2047,57,5.44,35.91,39.6,47.59,2,1,5/33
MRJ Watt,Scotland,72,72,645.2,3871,2742,105,4.25,26.11,36.87,56.42,4,1,5/33
MS Panesar,England,26,26,219.0,1314,1000,30,4.57,33.33,43.8,53.96,0,0,3/26
Mahmudullah,Bangladesh,137,137,681.0,4086,3605,83,5.29,43.43,49.23,43.66,1,0,4/13
Marufa Akter,Bangladesh,31,31,182.3,1094,851,29,4.67,29.34,37.72,59.87,1,0,4/29
Mashrafe Mortaza,Bangladesh,175,175,1459.3,8756,7441,227,5.1,32.78,38.57,54.0,5,1,6/27
Mehedi Hasan Miraz,Bangladesh,96,96,794.7,4768,3858,116,4.85,33.26,41.1,50.17,5,2,5/25
Mohammad Amir,Pakistan,59,59,505.2,3031,2432,88,4.81,27.64,34.44,55.3,3,1,5/30
Mohammad Asif,Pakistan,32,32,291.8,1751,1373,41,4.71,33.49,42.71,60.37,0,0,3/30
Mohammad Hafeez,Pakistan,164,164,1217.2,7303,5081,142,4.17,35.78,51.43,51.16,3,1,5/38
Mohammad Irfan,Pakistan,60,60,535.7,3214,2618,88,4.89,29.75,36.52,56.91,2,0,4/30
Mohammad Naveed,United Arab Emirates,31,31,259.8,1559,1384,46,5.33,30.09,33.89,54.2,1,1,5/28
Mohammad Nawaz,Pakistan,27,27,218.0,1308,1132,28,5.19,40.43,46.71,47.71,2,0,4/29
Mohammad Rafique,Bangladesh,57,57,489.3,2936,2178,55,4.45,39.6,53.38,53.07,1,0,4/66
Mohammad Saifuddin,Bangladesh,27,27,212.8,1277,1267,43,5.95,29.47,29.7,44.32,2,0,4/41
Mohammad Sami,Pakistan,48,48,424.5,2547,2056,73,4.84,28.16,34.89,55.83,4,1,5/11
Mohammad Wasim,Pakistan,25,25,206.0,1236,1161,44,5.64,26.39,28.09,49.03,1,0,4/38
Mohammed Shami,India,105,105,898.5,5391,5011,215,5.58,23.31,25.07,53.94,17,7,7/57
Mohammed Siraj,India,48,48,378.5,2271,1927,77,5.09,25.03,29.49,58.65,3,2,6/22
Mosaddek Hossain,Bangladesh,37,37,169.3,1016,904,16,5.34,56.5,63.5,44.39,0,0,3/13
Mustafizur Rahman,Bangladesh,103,104,859.7,5158,4431,167,5.15,26.53,30.89,52.87,10,5,6/47
N Mlaba,South Africa,50,50,409.5,2457,1968,68,4.81,28.94,36.13,53.36,4,0,4/30
N Pradeep,Sri Lanka,45,45,383.7,2302,2320,69,6.05,33.62,33.36,48.35,2,0,4/33
N Shree Charani,India,21,21,183.7,1102,1039,30,5.66,34.63,36.73,46.19,0,0,3/42
N Vanua,Papua New Guinea,49,49,370.5,2223,1880,56,5.07,33.57,39.7,53.4,3,1,5/41
N de Klerk,South Africa,58,58,409.5,2457,2054,80,5.02,25.68,30.71,53.64,3,0,4/32
NK Patel,United States of America,36,36,258.7,1552,1210,43,4.68,28.14,36.09,51.8,1,0,4/31
NL McCullum,New Zealand,81,81,595.0,3570,2971,71,4.99,41.85,50.28,47.87,1,0,4/24
NLTC Perera,Sri Lanka,152,152,962.7,5776,5632,183,5.85,30.78,31.56,47.23,10,4,6/44
NM Coulter-Nile,Australia,31,31,278.3,1670,1538,52,5.53,29.58,32.12,52.93,1,0,4/49
NM Hauritz,Australia,48,48,400.3,2402,1918,56,4.79,34.25,42.89,46.34,1,0,4/30
NM Lyon,Australia,29,29,273.3,1640,1359,29,4.97,46.86,56.55,49.15,1,0,4/46
NO Miller,West Indies,38,38,286.7,1720,1417,34,4.94,41.68,50.59,47.67,2,0,4/43
NP Kenjige,United States of America,57,57,470.0,2820,1995,62,4.24,32.18,45.48,56.95,1,1,5/11
NR Sciver,England,73,73,411.5,2469,1859,64,4.52,29.05,38.58,54.39,2,1,5/60
NW Bracken,Australia,100,100,849.2,5095,3792,168,4.47,22.57,30.33,58.27,11,2,5/47
Naeem Islam,Bangladesh,41,41,237.0,1422,1159,34,4.89,34.09,41.82,46.55,0,0,3/32
Nahida Akter,Bangladesh,49,50,395.0,2370,1573,75,3.98,20.97,31.6,58.35,4,2,5/21
Naseem Shah,Pakistan,31,31,281.5,1689,1556,61,5.53,25.51,27.69,51.27,3,2,6/34
Nashra Sandhu,Pakistan,77,78,682.3,4094,3031,116,4.44,26.13,35.29,55.57,4,2,6/28
Nasir Hossain,Bangladesh,42,42,208.0,1248,990,25,4.76,39.6,49.92,49.2,0,0,3/26
Naved-ul-Hasan,Pakistan,60,60,498.2,2989,2641,100,5.3,26.41,29.89,54.7,10,0,4/25
Nazmul Hossain,Bangladesh,25,25,188.7,1132,976,30,5.17,32.53,37.73,57.16,1,0,4/40
Nida Dar,Pakistan,64,64,486.2,2917,2224,62,4.57,35.87,47.05,54.34,2,0,4/10
O Prendergast,Ireland,32,32,197.3,1184,953,27,4.83,35.3,43.85,58.45,0,0,3/25
OU Ranasinghe,Sri Lanka,29,29,191.8,1151,1018,38,5.31,26.79,30.29,45.79,2,1,5/34
P Kumar,India,67,67,556.2,3337,2858,86,5.14,33.23,38.8,54.72,3,0,4/31
P Utseya,Zimbabwe,115,115,1035.7,6214,4826,104,4.66,46.4,59.75,49.42,2,1,5/36
P Vastrakar,India,30,30,192.5,1155,1049,29,5.45,36.17,39.83,53.42,1,0,4/35
PA van Meekeren,Netherlands,34,34,297.5,1785,1583,63,5.32,25.13,28.33,52.21,4,2,5/29
PADLR Sandakan,Sri Lanka,30,30,256.3,1538,1556,29,6.07,53.66,53.03,40.57,1,0,4/52
PD Collingwood,England,120,120,715.5,4293,3488,98,4.87,35.59,43.81,47.43,1,0,4/15
PJ Cummins,Australia,88,88,790.2,4741,4100,147,5.19,27.89,32.25,53.66,8,1,5/71
PJ Ongondo,Kenya,32,32,218.8,1313,995,34,4.55,29.26,38.62,62.99,1,1,5/51
PM Seelaar,Netherlands,27,27,212.8,1277,1028,26,4.83,39.54,49.12,52.0,1,0,4/15
PP Chawla,India,25,25,221.7,1330,1131,33,5.1,34.27,40.3,51.73,2,0,4/23
PR Stirling,Ireland,45,45,247.5,1485,1227,26,4.96,47.19,57.12,47.34,0,0,3/33
PVD Chameera,Sri Lanka,52,52,385.3,2312,2128,60,5.52,35.47,38.53,52.42,2,1,5/17
PWH de Silva,Sri Lanka,61,61,483.3,2900,2505,102,5.18,24.56,28.43,50.66,8,4,7/19
Poonam Yadav,India,49,49,433.3,2600,1773,65,4.09,27.28,40.0,55.5,2,1,5/24
R Ashwin,India,113,113,1059.7,6358,5228,166,4.93,31.49,38.3,47.99,4,0,4/27
R McLaren,South Africa,50,50,411.0,2466,2101,84,5.11,25.01,29.36,51.05,6,0,4/21
R Ngarava,Zimbabwe,45,45,367.0,2202,1946,66,5.3,29.48,33.36,54.36,2,1,5/33
R Rampaul,West Indies,76,76,617.2,3703,3136,115,5.08,27.27,32.2,53.82,11,2,5/50
R Shepherd,West Indies,37,37,247.7,1486,1351,37,5.45,36.51,40.16,52.76,1,0,4/45
R Trumpelmann,Namibia,45,45,373.3,2240,1732,67,4.64,25.85,33.43,58.88,4,1,5/30
R Vinay Kumar,India,31,31,243.2,1459,1448,46,5.95,31.48,31.72,52.71,3,1,5/59
RA Jadeja,India,199,199,1721.7,10330,8470,244,4.92,34.71,42.34,48.93,11,2,5/33
RA Mair,New Zealand,25,25,178.7,1072,894,19,5.0,47.05,56.42,55.22,1,0,4/58
RAS Lakmal,Sri Lanka,81,81,643.2,3859,3519,110,5.47,31.99,35.08,52.92,4,0,4/14
RE van der Merwe,Netherlands,38,38,326.3,1958,1544,47,4.73,32.85,41.66,48.26,0,0,3/14
RJ Harris,Australia,20,20,175.2,1051,853,46,4.87,18.54,22.85,56.9,3,3,6/21
RJ Peterson,South Africa,62,62,466.3,2798,2280,76,4.89,30.0,36.82,49.43,2,1,5/12
RJ Sidebottom,England,22,22,197.0,1182,974,25,4.94,38.96,47.28,55.67,0,0,3/27
RJW Topley,England,29,29,231.5,1389,1241,48,5.36,25.85,28.94,53.35,3,1,6/29
RL Chase,West Indies,55,55,384.8,2309,1952,41,5.07,47.61,56.32,47.16,0,0,3/44
RP Singh,India,60,60,479.8,2879,2529,81,5.27,31.22,35.54,53.59,3,1,5/35
RR Powar,India,27,27,240.2,1441,1135,33,4.73,34.39,43.67,51.91,1,0,4/24
RS Bopara,England,73,73,309.7,1858,1546,41,4.99,37.71,45.32,47.85,1,0,4/39
RS Gayakwad,India,46,46,412.5,2475,1627,78,3.94,20.86,31.73,58.95,3,1,5/15
RW Price,Zimbabwe,76,76,696.0,4176,2855,87,4.1,32.82,48.0,55.29,0,0,3/16
Rabeya Khan,Bangladesh,31,31,246.3,1478,962,42,3.91,22.9,35.19,55.21,3,1,5/30
Renuka Singh,India,29,29,244.3,1466,1185,46,4.85,25.76,31.87,56.75,5,2,6/30
Rohan Mustafa,United Arab Emirates,74,74,584.7,3508,2654,87,4.54,30.51,40.32,52.51,3,1,6/26
Rubel Hossain,Bangladesh,93,93,731.5,4389,4174,128,5.71,32.61,34.29,49.1,9,2,6/26
S Ecclestone,England,77,77,708.7,4252,2626,138,3.71,19.03,30.81,63.29,7,2,6/36
S Ismail,South Africa,84,85,707.0,4242,2821,142,3.99,19.87,29.87,63.88,10,1,5/12
S Lamichhane,Nepal,60,60,571.2,3427,2573,134,4.5,19.2,25.57,57.13,11,4,7/14
S Luus,South Africa,88,88,541.8,3251,2534,96,4.68,26.4,33.86,49.77,3,2,6/45
S Pandey,India,40,40,307.8,1847,1274,59,4.14,21.59,31.31,61.51,2,0,4/22
S Prasanna,Sri Lanka,38,38,322.7,1936,1742,33,5.4,52.79,58.67,44.47,0,0,3/33
S Rana,India,39,39,333.7,2002,1682,61,5.04,27.57,32.82,49.35,6,3,5/22
S Randiv,Sri Lanka,29,29,241.2,1447,1240,38,5.14,32.63,38.08,45.68,1,1,5/44
S Sreesanth,India,49,49,413.5,2481,2388,81,5.78,29.48,30.63,53.37,3,1,6/55
SA Abbott,Australia,29,29,228.2,1369,1299,39,5.69,33.31,35.1,51.06,1,0,4/68
SB Styris,New Zealand,93,93,544.2,3265,2544,76,4.67,33.47,42.96,51.67,2,0,4/22
SC Ganguly,India,38,38,175.2,1051,895,23,5.11,38.91,45.7,47.29,1,0,4/42
SC Selman,West Indies,40,40,278.0,1668,1141,36,4.1,31.69,46.33,57.13,0,0,3/29
SC Williams,Zimbabwe,111,111,707.3,4244,3552,77,5.02,46.13,55.12,47.55,2,0,4/41
SCJ Broad,England,117,117,1014.2,6085,5361,198,5.29,27.08,30.73,53.89,14,2,5/24
SE Bond,New Zealand,60,60,570.2,3421,2375,113,4.17,21.02,30.27,62.26,6,2,6/24
SFM Devine,New Zealand,72,72,450.8,2705,2117,59,4.7,35.88,45.85,55.67,0,0,3/24
SI Mahmood,England,24,24,206.3,1238,1145,38,5.55,30.13,32.58,51.7,2,1,5/52
SJ Benn,West Indies,44,44,383.3,2300,1883,38,4.91,49.55,60.53,49.3,3,0,4/18
SJ Harmison,England,46,46,407.8,2447,2039,66,5.0,30.89,37.08,55.21,3,1,5/43
SK Raina,India,100,100,357.8,2147,1832,42,5.12,43.62,51.12,43.74,0,0,3/35
SL Malinga,Sri Lanka,208,208,1800.5,10803,9518,343,5.29,27.75,31.5,51.63,21,8,7/39
SM Curran,England,40,40,258.0,1548,1544,43,5.98,35.91,36.0,47.22,2,2,5/29
SM Pollock,South Africa,94,94,843.5,5061,2906,120,3.45,24.22,42.18,66.47,2,1,5/27
SM Sharif,Scotland,72,72,574.3,3446,2768,102,4.82,27.14,33.78,55.89,3,2,5/28
SMSM Senanayake,Sri Lanka,47,47,397.3,2384,1892,60,4.76,31.53,39.73,51.8,1,0,4/13
SN Netravalkar,United States of America,62,62,544.0,3264,2150,105,3.95,20.48,31.09,63.05,5,2,6/32
SN Thakur,India,45,45,331.3,1988,2010,66,6.07,30.45,30.12,49.04,3,0,4/37
SO Tikolo,Kenya,26,26,181.5,1089,919,28,5.06,32.82,38.89,48.76,1,1,5/41
SP Narine,West Indies,64,64,592.3,3554,2445,99,4.13,24.7,35.9,58.08,6,3,6/27
SPD Smith,Australia,40,40,180.2,1081,985,29,5.47,33.97,37.28,41.91,0,0,3/16
SR Clark,Australia,36,36,292.7,1756,1411,51,4.82,27.67,34.43,55.3,1,0,4/54
SR Patel,England,31,31,191.5,1149,1082,23,5.65,47.04,49.96,39.77,1,1,5/42
SR Taylor,West Indies,93,93,576.3,3458,2577,84,4.47,30.68,41.17,53.82,2,1,5/38
SR Tendulkar,India,53,53,257.5,1545,1420,31,5.51,45.81,49.84,40.97,1,0,4/57
SR Watson,Australia,140,140,948.3,5690,4780,162,5.04,29.51,35.12,51.09,4,1,5/40
SS Connell,West Indies,54,54,337.2,2023,1592,41,4.72,38.83,49.34,54.18,1,0,4/54
SS Cottrell,West Indies,33,33,274.7,1648,1598,52,5.82,30.73,31.69,50.55,3,3,5/46
SS Weerakkody,Sri Lanka,33,33,187.0,1122,826,28,4.42,29.5,40.07,59.36,1,0,4/38
ST Finn,England,67,67,607.2,3643,3048,111,5.02,27.46,32.82,56.55,6,2,6/71
ST Gabriel,West Indies,23,23,183.5,1101,1119,30,6.1,37.3,36.7,46.59,0,0,3/17
ST Jayasuriya,Sri Lanka,105,105,677.5,4065,3245,105,4.79,30.9,38.71,44.7,5,1,5/17
SW Bates,New Zealand,49,49,245.3,1472,1202,28,4.9,42.93,52.57,52.58,0,0,3/18
SW Tait,Australia,34,34,305.5,1833,1533,66,5.02,23.23,27.77,54.39,2,1,5/53
Saad Bin Zafar,Canada,28,28,253.2,1519,1074,29,4.24,37.03,52.38,55.17,0,0,3/34
Sadia Iqbal,Pakistan,36,37,310.0,1860,1251,57,4.04,21.95,32.63,61.02,2,0,4/15
Sadia Yousuf,Pakistan,25,25,215.3,1292,938,36,4.36,26.06,35.89,54.41,1,1,5/36
Saeed Ajmal,Pakistan,107,107,974.5,5847,4159,181,4.27,22.98,32.3,54.81,9,3,5/25
Sana Mir,Pakistan,43,43,383.2,2299,1568,72,4.09,21.78,31.93,58.42,5,1,5/26
Shadab Khan,Pakistan,62,62,529.3,3176,2802,84,5.29,33.36,37.81,46.35,5,0,4/27
Shafiul Islam,Bangladesh,58,58,427.5,2565,2528,73,5.91,34.63,35.14,51.73,5,1,5/68
Shahadat Hossain,Bangladesh,33,33,265.5,1593,1598,28,6.02,57.07,56.89,50.41,0,0,3/46
Shaheen Shah Afridi,Pakistan,65,66,571.3,3428,3246,127,5.68,25.56,26.99,53.76,10,4,6/40
Shahid Afridi,Pakistan,200,200,1738.8,10433,8118,259,4.67,31.34,40.28,47.98,14,7,7/14
Shakib Al Hasan,Bangladesh,205,205,1792.3,10754,8249,279,4.6,29.57,38.54,52.26,13,3,5/30
Shoaib Akhtar,Pakistan,69,69,600.0,3600,2948,104,4.91,28.35,34.62,56.0,6,0,4/31
Shoaib Malik,Pakistan,163,163,955.8,5735,4522,133,4.73,34.0,43.12,47.64,4,0,4/23
Shoriful Islam,Bangladesh,31,31,240.8,1445,1379,46,5.73,29.98,31.41,54.05,2,0,4/35
Sikandar Raza,Zimbabwe,100,100,709.5,4257,3476,83,4.9,41.88,51.29,47.78,4,0,4/41
Sohail Tanvir,Pakistan,59,59,514.7,3088,2618,75,5.09,34.91,41.17,53.4,6,1,5/49
Sompal Kami,Nepal,60,60,461.5,2769,2457,86,5.32,28.57,32.2,55.94,3,1,5/35
Syed Rasel,Bangladesh,40,40,349.2,2095,1634,53,4.68,30.83,39.53,59.76,1,0,4/23
T Lungameni,Namibia,34,34,268.5,1611,1218,51,4.54,23.88,31.59,58.66,2,1,6/43
T Mupariwa,Zimbabwe,28,28,236.2,1417,1225,39,5.19,31.41,36.33,52.01,2,0,4/39
T Panyangara,Zimbabwe,50,50,445.8,2675,2463,60,5.52,41.05,44.58,54.54,1,0,4/28
T Shamsi,South Africa,52,52,463.3,2780,2543,75,5.49,33.91,37.07,46.58,5,1,5/49
T Thushara,Sri Lanka,35,35,269.3,1616,1378,50,5.12,27.56,32.32,53.84,2,1,5/47
TA Boult,New Zealand,110,111,1038.3,6230,5190,219,5.0,23.7,28.45,56.63,20,6,7/35
TG Southee,New Zealand,150,150,1319.5,7917,7284,230,5.52,31.67,34.42,53.27,10,3,7/36
TJ Murtagh,Ireland,31,31,279.2,1675,1288,48,4.61,26.83,34.9,60.24,3,1,5/21
TK Curran,England,28,28,223.3,1340,1315,38,5.89,34.61,35.26,43.96,4,1,5/41
TL Best,West Indies,22,22,195.8,1175,994,36,5.08,27.61,32.64,53.87,2,0,4/37
TL Chatara,Zimbabwe,70,70,599.2,3595,3171,99,5.29,32.03,36.31,52.91,2,0,4/33
TM Dilshan,Sri Lanka,180,180,856.8,5141,4197,97,4.9,43.27,53.0,44.23,1,0,4/4
TM Head,Australia,42,42,200.5,1203,1153,30,5.75,38.43,40.1,41.31,2,1,5/57
TM McGrath,Australia,37,37,183.2,1099,960,30,5.24,32.0,36.63,46.59,0,0,3/4
TM Odoyo,Kenya,36,36,272.5,1635,1172,45,4.3,26.04,36.33,60.98,3,0,4/29
TS Sekhukhune,South Africa,33,33,264.0,1584,1290,38,4.89,33.95,41.68,54.1,1,0,4/51
TT Bresnan,England,83,83,716.7,4300,3879,120,5.41,32.33,35.83,50.0,5,1,5/49
Tapash Baisya,Bangladesh,25,25,195.0,1170,1112,28,5.7,39.71,41.79,54.44,1,0,4/17
Taskin Ahmed,Bangladesh,68,68,569.2,3415,3046,97,5.35,31.4,35.21,53.27,6,2,5/28
UDU Chandana,Sri Lanka,26,26,209.2,1255,1022,38,4.89,26.89,33.03,50.04,1,1,5/61
UT Yadav,India,73,73,616.8,3701,3659,116,5.93,31.54,31.91,50.69,6,1,5/31
Umar Gul,Pakistan,118,118,970.0,5820,5039,170,5.19,29.64,34.24,55.69,6,2,6/42
V Sehwag,India,86,86,412.5,2475,2083,58,5.05,35.91,42.67,43.52,1,0,4/6
VD Philander,South Africa,28,28,219.8,1319,1015,42,4.62,24.17,31.4,58.45,2,0,4/12
VJ Kingma,Netherlands,27,27,210.2,1261,1059,39,5.04,27.15,32.33,59.32,0,0,3/15
WB Rankin,Ireland,47,47,414.8,2489,1996,67,4.81,29.79,37.15,56.09,3,0,4/16
WD Parnell,South Africa,69,69,556.7,3340,3090,110,5.55,28.09,30.36,50.84,7,2,5/49
WGAKK Kulasuriya,Sri Lanka,26,26,178.3,1070,869,24,4.87,36.21,44.58,55.05,1,0,4/50
WK Dilhari,Sri Lanka,35,35,246.7,1480,1218,34,4.94,35.82,43.53,46.76,2,0,4/20
WP Masakadza,Zimbabwe,31,31,230.2,1381,1168,23,5.07,50.78,60.04,44.53,0,0,3/36
WPUJC Vaas,Sri Lanka,95,95,810.0,4860,3379,120,4.17,28.16,40.5,63.81,4,1,5/39
Wahab Riaz,Pakistan,88,88,739.5,4437,4177,138,5.65,30.27,32.15,46.7,11,4,6/52
Washington Sundar,India,26,26,171.2,1027,847,29,4.95,29.21,35.41,50.34,0,0,3/30
XJ Doherty,Australia,55,55,462.2,2773,2212,63,4.79,35.11,44.02,49.91,3,0,4/28
YK Pathan,India,50,50,252.8,1517,1379,37,5.45,37.27,41.0,41.53,0,0,3/39
YS Chahal,India,68,68,623.5,3741,3298,124,5.29,26.6,30.17,47.37,7,2,6/42
Yasir Shah,Pakistan,24,24,217.0,1302,1165,25,5.37,46.6,52.08,44.47,2,1,6/26
Yuvraj Singh,India,126,126,678.3,4070,3477,102,5.13,34.09,39.9,45.11,3,1,5/31
Z Khan,India,129,129,1143.7,6862,5753,213,5.03,27.01,32.22,54.36,9,2,5/43
Zahoor Khan,United Arab Emirates,60,60,481.3,2888,2407,95,5.0,25.34,30.4,51.28,3,1,6/37
Zeeshan Maqsood,Oman,44,44,357.5,2145,1520,56,4.25,27.14,38.3,54.97,4,0,4/16
